ID,PRE_POST,Mean,Variance,MESOR,Amplitude,Phase,Period,F,p,IS,IV,RA,source,sensor_flag,pct_zero,longest_zero_run_hours
1,PRE,-0.2597203175212772,0.22297891518512922,-0.25691042305880596,0.28562145817742673,339.99578667135205,24.0,18.936651080630465,3.8707681256257555e-08,0.3866685389830754,1.1990828383153807,0.0,#01 IR.csv,False,0.0,0.0
1,POST,0.07087071264625547,0.3388327682290593,0.07053029436311146,0.3228069753382533,341.0706293111102,24.0,56.45202863079042,2.9978832541766505e-23,0.24448505212860683,1.2969361049103374,18.016244417227433,#01 IR.csv,False,0.0,0.0
2,PRE,0.05126615505791457,0.5452326905060954,0.05428771986482139,0.41411921860494755,358.77797645331674,24.0,15.643964134940038,5.923608636844929e-07,0.5330269425688525,1.1782460063808333,0.0,#02 IR.csv,False,0.0,0.0
2,POST,-0.013989159486108281,0.4238176474992884,-0.014416852798716557,0.378515563454632,344.74411838274705,24.0,63.17999444256818,1.0652103586625052e-25,0.42251735065972595,1.3368960778796417,0.0,#02 IR.csv,False,0.0,0.0
3,PRE,-0.3162487317421381,0.8649591305865657,-0.3150964389611088,0.19501969676522818,296.91722244567495,24.0,1.8883130235621748,0.15456306452238452,0.14473662966987103,0.815315172159109,0.0,#03 IR.csv,True,37.87,64.0
3,POST,0.09327405875117172,0.20988739857180067,0.09409757839050513,0.17401851361231757,172.65211143045184,24.0,22.11792186822336,5.608082283482084e-10,0.17994452159870447,1.398576205118214,2.4087947469480864,#03 IR.csv,True,1.05,6.0
4,PRE,0.07101544654745441,0.27727063425651327,0.0722409918014261,0.3747262461176511,325.30885564142875,24.0,29.119686724323525,1.2341431869292526e-11,0.4789874656677009,1.1342358500934944,0.0,#04 IR.csv,False,0.0,0.0
4,POST,-0.01980097555446387,0.26969625895759214,-0.021785378657894,0.2987923237740784,347.8202680602774,24.0,62.608078127760294,1.5720454388957385e-25,0.24778891812331258,0.8109993650537323,0.0,#04 IR.csv,False,0.0,0.0
5,PRE,-0.15968092080595295,0.36099491318565385,-0.15968092080595297,0.3119570177338321,347.43422587486816,24.0,12.941634172639596,6.0127997922860036e-06,0.468544835495971,1.4421211173120743,0.0,#05 IR.csv,False,0.0,0.0
5,POST,0.042991017140064244,0.36545506731764155,0.04299101714006424,0.4425585405174739,339.14614697194,24.0,113.90919983128036,7.210262545187581e-43,0.4338265093044736,1.145513652609079,0.0,#05 IR.csv,False,0.0,0.0
6,PRE,-0.1377678144474224,0.30090173335450554,-0.14430600055980397,0.3334250436627872,353.8431304095296,24.0,19.507994086323333,2.2914107564866837e-08,0.46378903129227894,1.6014037979070117,0.0,#06 IR.csv,False,0.0,0.0
6,POST,0.038282507067895814,0.3226075086589891,0.035352764459010005,0.40384482918251724,344.0724699200112,24.0,106.8372576807125,1.0933517045011034e-40,0.3477404572874226,0.9440312635843093,32.538885093989364,#06 IR.csv,False,0.0,0.0
7,PRE,-0.14834716894617753,0.7919267997518356,-0.14684396758800985,0.052402203101268315,272.95334256038575,24.0,0.1512946249440048,0.8597080135445202,0.06772477251421424,1.208390771563004,0.0,#07 IR.csv,False,0.0,0.0
7,POST,0.04110275520215063,0.30674868361905905,0.04087874427095128,0.061447356581478915,4.300493828778543,24.0,1.9519976123885505,0.1428466070661486,0.03503049834003198,0.9605600592980553,4.713612526464183,#07 IR.csv,False,0.0,0.0
8,PRE,0.1127110778080816,0.25875876996518976,0.11396033132491261,0.3122746099278732,347.4616200330245,24.0,19.399416866536132,2.6840496116873712e-08,0.5081671208742713,1.4757034163306157,3.816742444897113,#08 IR.csv,False,0.0,0.0
8,POST,-0.030525916906355508,0.27974745899541453,-0.030525916906355484,0.27124096094076844,354.3783617087929,24.0,47.098444805456516,9.032079713889581e-20,0.25540940675059953,1.025546799648116,0.0,#08 IR.csv,False,0.0,0.0
9,PRE,-0.1921755135638683,0.30978236692454575,-0.19081481409007267,0.34505420941744364,348.2070434871513,24.0,19.873151706051488,1.8298348544993096e-08,0.4784129198308027,0.963648232053603,0.0,#09 IR.csv,False,0.0,0.0
9,POST,0.05204753492354762,0.2859168710477425,0.05204753492354759,0.33603058134111113,351.887331091832,24.0,76.55137286974151,1.9185543284340905e-30,0.5021511306307039,1.047940717811113,0.0,#09 IR.csv,True,8.17,51.0
10,PRE,-0.026272324031001697,1.2392068760442754,-0.024805735031892512,0.13445590098400942,356.10866077463703,24.0,0.4913132459353039,0.6129451978095752,0.35542591052287653,1.4201814341615995,2.4999820897737077,#10 IR.csv,False,0.0,0.0
10,POST,0.0053587671188054095,0.10621393402539249,0.006260445472958589,0.10600344076021835,153.3582604883567,24.0,18.3259890420513,1.802308394726386e-08,0.10207487651916858,1.689560246002078,0.0,#10 IR.csv,False,0.0,0.0
11,PRE,0.20295255883325383,0.2412335820738201,0.20739915169962378,0.41079114682786516,356.1966183413772,24.0,36.36635884087661,2.740241728281221e-13,0.5944376988242915,0.6342278183269838,3.715731510219742,#11 IR.csv,False,0.0,0.0
11,POST,-0.04130298970206178,0.3515908851053908,-0.04353722963288798,0.43407380922917627,355.2635782006662,24.0,119.83676196029319,4.4552698221121706e-45,0.3561348076171329,0.5867618270813219,0.0,#11 IR.csv,False,0.0,0.0
12,PRE,-0.03622562200791217,0.7042105304287319,-0.04463553313952383,0.1531801004682224,91.29442539319177,24.0,1.095335605215435,0.33747023322603026,0.250406641085949,1.706640365883148,0.0,#12 IR.csv,False,0.0,0.0
12,POST,0.007367694722057276,0.19532547751901622,0.00794085652380322,0.07699287369146847,161.05341682179645,24.0,5.05156273150889,0.0066509235198239265,0.05332465434559939,1.4740901437574059,0.0,#12 IR.csv,False,0.0,0.0
15,PRE,-0.09666051547533992,0.28871338897511506,-0.0833029568048715,0.4899290275512053,337.9167245098939,24.0,47.68226516802533,2.762620095203712e-16,0.5691180553614539,1.166317586458487,0.0,#15 IR.csv,False,0.0,0.0
15,POST,0.01966168509372166,0.2985316494537122,0.016352563085457548,0.4725363127727021,343.9886841627549,24.0,195.88612299433308,2.076971238972343e-67,0.5017517905076309,0.946912300388164,0.0,#15 IR.csv,False,0.0,0.0
16,PRE,-0.30203510474006995,0.09251456847517586,-0.29809607578948805,0.126370755424187,213.0784735556581,24.0,6.198355881264428,0.002684234522991334,0.23966546747213366,1.3134629592626992,0.0,#16 IR.csv,False,0.0,0.0
16,POST,0.0610303938712307,0.23067570940539756,0.061857781863968134,0.15506602534961605,174.1777419242433,24.0,18.0048590736401,2.443233188295325e-08,0.10563245198996456,1.7560061257293071,2.3705570506682423,#16 IR.csv,False,0.0,0.0
17,PRE,0.017443134289376914,0.24948211359685382,0.028960660281064168,0.4095610050100329,330.5013046374055,24.0,33.41024840557428,1.9577032360211213e-12,0.6277551736313437,1.2151942694803528,0.0,#17 IR.csv,False,0.0,0.0
17,POST,-0.0035491002169202135,0.26587342951792836,-0.007392202091102057,0.48187895425408006,337.33610974973914,24.0,254.51953007955026,1.639275458576389e-82,0.5448667598922496,1.0117722929342008,0.0,#17 IR.csv,False,0.0,0.0
18,PRE,-0.24961515619470032,0.6755983159530898,-0.26731483988007765,0.38196641556619476,125.76961023497579,24.0,7.875584158476417,0.0005909285813632229,0.25111978292912157,0.9890508203128983,0.0,#18 IR.csv,False,0.0,0.0
18,POST,0.0504611780812692,0.1574575625392382,0.0522129532779314,0.23919465862698255,161.86873508680677,24.0,72.79668583360437,2.8287787201263556e-29,0.2623128667985883,1.384152457876004,3.7387377121459506,#18 IR.csv,False,0.0,0.0
19,PRE,-0.15136706309837847,0.2561837202812466,-0.16645271797754913,0.3774634199512936,11.623358211595196,24.0,24.428194464234398,1.136704141608924e-09,0.625975213999999,1.2116749892887084,0.0,#19 IR.csv,False,3.15,4.0
19,POST,0.03030194814143703,0.3370992052479295,0.027734818332125478,0.5388713606745299,358.4121477884342,24.0,238.4867874077923,7.248302759339868e-78,0.5623171879081453,1.0996231423727658,0.0,#19 IR.csv,False,0.0,0.0
20,PRE,0.02429097119992651,0.2945857974534784,0.013934200479612191,0.55505837850225,337.9464450856768,24.0,66.07889835749738,2.915241754686722e-20,0.7319638256740697,0.8304960125123365,0.0,#20 IR.csv,False,0.0,0.0
20,POST,-0.004813362992093978,0.3426928528612833,-0.009142370639142187,0.6042874688283971,344.6392192789313,24.0,360.33642037413983,4.16175933220475e-105,0.6569202671822919,0.8473350895519199,0.0,#20 IR.csv,False,0.0,0.0
21,PRE,0.17783256102429917,0.3287415937549914,0.16182704025595623,0.5216553171783992,354.8733559008501,24.0,43.83908227981327,3.98316860002469e-15,0.575102264817008,1.0839691446076543,4.101000247266542,#21 IR.csv,False,0.0,0.0
21,POST,-0.0356326555471584,0.23548375956739787,-0.03780410725400515,0.3848625377764353,353.59368350440855,24.0,144.72467121419615,1.8505336183436563e-52,0.42214564337981925,1.0613266815955935,0.0,#21 IR.csv,False,0.0,0.0
22,PRE,-0.12832765894659096,0.1391354487230905,-0.12548892696275182,0.15783182710078725,157.07418184821262,24.0,6.002572596746615,0.0032487290954599447,0.35642424840651066,1.4199412223466223,0.0,#22 IR.csv,False,3.15,4.0
22,POST,0.025701413222079715,0.1138610161189008,0.027594965984760134,0.21560753949697065,153.70011699889986,24.0,81.11132606925737,4.4679293659029077e-32,0.25860746857454114,1.5139882934540088,6.949501805750371,#22 IR.csv,False,0.0,0.0
23,PRE,-0.030812807540535524,0.30255139159207284,-0.04129040585063356,0.3545188250982718,353.1358940769745,24.0,16.23629402942981,5.457226718104793e-07,0.6757486788928904,0.9286965133986755,0.0,#23 IR.csv,False,3.15,4.0
23,POST,0.006156318453261604,0.2940407182850535,0.0025116783397035104,0.4220155296467557,334.7776333868916,24.0,137.39151111108035,2.9385648405092674e-50,0.6202037697754113,0.9445110900325557,0.0,#23 IR.csv,False,0.0,0.0
24,PRE,-0.09009516358431814,0.27685383503038596,-0.08468400085590828,0.1148565578199893,214.86481525322137,24.0,1.5616695044793014,0.21388306942213306,0.2310018435924316,1.7377420914859723,0.0,#24 IR.csv,False,0.0,0.0
24,POST,0.018056368375587606,0.1279267250891603,0.018334351866513363,0.03981444562277202,165.76136433351607,24.0,1.9681440210591408,0.14057268129413736,0.03686973157888027,1.659492207367132,8.488649678599225,#24 IR.csv,False,0.0,0.0
25,PRE,0.15291723029043355,0.41927882496508245,0.14357467250326694,0.5226139309162503,332.0687134381488,24.0,29.14347653991133,4.361356048896928e-11,0.6862750022593347,1.066051892700743,7.95493975794742,#25 IR.csv,False,3.17,4.0
25,POST,-0.030409796140351705,0.3112769462492271,-0.034160936295207826,0.46930151765453265,339.281269002323,24.0,173.05751700281957,1.2061350267424964e-60,0.5956118869216293,1.003679656715609,0.0,#25 IR.csv,False,0.0,0.0
26,PRE,-0.0835801169171232,0.20148490704306496,-0.08255251028554499,0.06961058706173089,297.03408806315923,24.0,0.7420225071867292,0.4782520813915633,0.13826737572837855,1.8312698211279688,0.0,#26 IR.csv,False,0.0,0.0
26,POST,0.016760945053118596,0.10780528300404915,0.016829174303432937,0.012811443272276266,49.64625700346778,24.0,0.2402945423285052,0.7864681281974158,0.03065017850596983,1.754209645152692,0.0,#26 IR.csv,False,0.0,0.0
27,PRE,-0.23572415121681642,0.31138431396347477,-0.24536478703131848,0.3006108050149312,357.07433166185626,24.0,10.55854858407685,5.828977357751363e-05,0.6222730191613841,1.099996496794795,0.0,#27 IR.csv,False,0.0,0.0
27,POST,0.047220334559851404,0.37567196351148513,0.044223465931032296,0.4321260094357683,346.04751529649997,24.0,104.42622739952645,6.6560659995861255e-40,0.5445162232190967,0.8455881958419651,0.0,#27 IR.csv,False,0.0,0.0
28,PRE,-0.346081345569721,0.35221791372088956,-0.3482982606690628,0.5157081776580603,340.3917840069802,24.0,88.40591753957891,8.679485270930839e-31,0.5209095126891473,0.8709272240752445,0.0,#28 IR.csv,False,0.34,1.0
28,POST,0.14561173108047892,0.3879864461860152,0.14350090579278027,0.3905615406918171,351.4617572425176,24.0,86.01117158770326,3.8465210653112785e-34,0.25289563914755614,1.1782563767171363,2.904181158214245,#28 IR.csv,False,0.0,0.0
29,PRE,-0.10474278134431593,0.2798915847022989,-0.1128601107129707,0.47204612949557456,349.63900260596637,24.0,56.630069081620945,1.2055135568098518e-19,0.7068006273366924,1.1541462498167425,0.0,#29 IR.csv,False,0.57,1.0
29,POST,0.026150357066870446,0.3617451151487391,0.02337992601541023,0.48620179920703366,349.5701073293632,24.0,170.64446010176027,3.8844645815335005e-61,0.41467225749705194,0.7864929964698474,10.470507948037316,#29 IR.csv,False,0.0,0.0
30,PRE,0.35262616638285704,0.48608780380702354,0.3298255913956886,0.4593645248787415,356.2059449091482,24.0,17.979163525765085,1.2433053615899016e-07,0.4980781599602483,1.4373973405000626,2.0131880178779324,#30 IR.csv,False,0.74,1.0
30,POST,-0.09464121761766538,0.3490446744245844,-0.09517970505528062,0.396807634405645,343.0468139396836,24.0,73.0108973540779,1.51603279781414e-28,0.4698690041376388,1.2963022602570835,0.0,#30 IR.csv,False,0.6,3.0
31,PRE,0.027810004943753828,0.35868068327936514,0.021247464186188024,0.4074221578517998,12.522106683801331,24.0,44.37394039644459,1.4417061134847777e-17,0.3300543119483031,0.9292468805722282,29.507161327250014,#31 redo.csv,True,16.5,27.0
31,POST,-0.011698509718424451,0.23270472745843226,-0.014221256831643369,0.2915134016443883,326.84983920113643,24.0,78.73540365660868,1.3965073703567375e-31,0.38119417782582565,1.23826740231086,0.0,#31 redo.csv,False,0.0,0.0
32,PRE,0.09514145326289179,0.47039316304795786,0.08904567249965956,0.450755807658514,4.572522671608621,24.0,40.478439836925055,2.963484016544741e-16,0.48808919745883605,1.2750847154223248,22.097111535964476,#32 IR.csv,False,0.34,1.0
32,POST,-0.040036552023970225,0.3316489819674943,-0.04204028514322143,0.24292507376020495,330.60214494207753,24.0,34.399319139786904,5.586475982606515e-15,0.4796512309660315,1.307379271818842,0.0,#32 IR.csv,False,0.0,0.0
33,PRE,0.2649844816777502,0.43323168106369697,0.26849762164891433,0.31625087794983653,353.74362465864283,24.0,15.092530036184693,6.989180102436769e-07,0.5052487952714562,1.2798054836642028,1.5559621074835441,#33 IR.csv,False,0.43,1.0
33,POST,-0.08669152979645697,0.321519416602643,-0.08839409075358255,0.29512003195087416,349.1069197522622,24.0,55.08443553344075,5.97399506908649e-23,0.38175544530489003,1.08186317039565,0.0,#33 IR.csv,False,0.0,0.0
34,PRE,0.015118909539238482,0.5309198387337954,0.0041456042602889655,0.5956109550004547,5.849063671636111,24.0,55.68577205290937,2.5125441989567963e-20,0.5329923468744231,0.8775382553910847,0.0,#34 IR.csv,False,0.44,1.0
34,POST,-0.004803544583108594,0.39605037681600685,-0.0063641333878548265,0.28567109605458246,351.08912414686466,24.0,40.3784915841817,2.5120393208250207e-17,0.3589141359632555,1.1429345144950804,0.0,#34 IR.csv,False,0.0,0.0
35,PRE,0.0636013745454497,0.39607764984163507,0.058627341254358305,0.5429365691948527,0.5751503958360162,24.0,115.3906424977556,4.310903856143347e-40,0.4635913669326897,1.1292092895945924,7.7372155724337155,#35 IR.csv,False,0.25,1.0
35,POST,-0.035375788722385254,0.2943254179100238,-0.03896649154354412,0.45070811618974654,333.03131494852965,24.0,185.70140360917705,1.7764337059737086e-65,0.47172089565314446,1.1031883381481635,0.0,#35 IR.csv,True,3.97,26.0
36,PRE,-0.030932690999611257,0.5096750277861464,-0.03371156093955092,0.5859142680273992,345.26805733185006,24.0,98.49839095151125,2.3639207244946449e-35,0.5264504547292,1.141031636410634,0.0,#36 IR.csv,False,0.25,1.0
36,POST,0.017259547912358474,0.33940845991787044,0.014459173520528097,0.45106068216120965,346.1798018780449,24.0,150.55537520401762,3.78929509987391e-55,0.4779485230700053,1.1330002710070266,0.0,#36 IR.csv,False,0.0,0.0
37,PRE,0.033918298485856355,0.21652582588945574,0.03288165936257891,0.05552079747747072,37.97746448842735,24.0,1.2355873075526653,0.2919619583987762,0.06616205871822636,1.6827742543331143,4.449547766292757,#37 IR.csv,False,0.29,1.0
37,POST,-0.01651812279430442,0.4239232630832772,-0.016770114211049326,0.02800012538900243,323.34168818492117,24.0,0.3261666066966772,0.7217940928493994,0.025032974842665562,1.3012993401286759,0.0,#37 IR.csv,True,8.36,37.0
39,PRE,0.01693602514560941,0.45296659594308863,0.012564958786547661,0.4986054631520914,359.127138474983,24.0,73.6219803831401,7.484238798035273e-28,0.5093781544539434,1.1909994348662019,0.0,#39 IR.csv,False,0.25,1.0
39,POST,-0.009436025934287611,0.3318585605316435,-0.012309760514744457,0.411781733246208,340.7569333774642,24.0,120.77779324311643,8.171901573618164e-46,0.4325441898725115,1.0545790031049045,0.0,#39 IR.csv,True,3.97,26.0
40,PRE,0.07739461216465646,0.27668953687183534,0.07816986710563771,0.3586461132712309,8.000985440764332,24.0,60.677894904712474,1.0312470023443593e-23,0.30922866481394806,1.362203636854714,7.913799773536772,#40 IR.csv,False,0.25,1.0
40,POST,-0.043705450632010014,0.25697112672094796,-0.0454288378835822,0.3419795374281759,353.76400757004967,24.0,103.5342438815702,3.8927705170119734e-40,0.3775668311278015,1.2399034460357032,0.0,#40 IR.csv,False,0.0,0.0
59,PRE,-0.4874716023071484,0.33091619336615463,-0.4901835904759537,0.048513541376040595,59.502379748115196,24.0,0.1879343799651826,0.828947209191861,0.11296802268021768,0.3287076649638459,0.0,59,False,0.0,0.0
59,POST,0.04269824253785251,0.6562607940787238,0.039478858332963634,0.6312999578286717,327.3337879760098,24.0,268.9563956844855,1.268317893146631e-97,0.3850302646956288,0.7823816303519998,22.12889909877583,59,True,0.57,7.0
60,PRE,-0.46564042603959555,0.34128413908566546,-0.46839412139903697,0.04945085583820286,59.21964980818183,24.0,0.1893488015859752,0.8277797490574035,0.1129070693297163,0.3279405339326317,0.0,60,False,0.0,0.0
60,POST,0.040786022718796694,0.43632101570885745,0.038221274381634966,0.5185143115462217,330.4979797302779,24.0,274.57904772136715,2.568625414698003e-99,0.3836839263920825,0.727284943530151,6.3775667150129145,60,True,0.57,7.0
61,PRE,-0.46564042603959555,0.34128413908566546,-0.46839412139903697,0.04945085583820286,59.21964980818183,24.0,0.1893488015859752,0.8277797490574035,0.1129070693297163,0.3279405339326317,0.0,61,False,0.0,0.0
61,POST,0.040786022718796694,0.43632101570885745,0.038221274381634966,0.5185143115462217,330.4979797302779,24.0,274.57904772136715,2.568625414698003e-99,0.3836839263920825,0.727284943530151,6.3775667150129145,61,True,0.57,7.0
62,PRE,-0.46564042603959555,0.34128413908566546,-0.46839412139903697,0.04945085583820286,59.21964980818183,24.0,0.1893488015859752,0.8277797490574035,0.1129070693297163,0.3279405339326317,0.0,62,False,0.0,0.0
62,POST,0.040786022718796694,0.43632101570885745,0.038221274381634966,0.5185143115462217,330.4979797302779,24.0,274.57904772136715,2.568625414698003e-99,0.3836839263920825,0.727284943530151,6.3775667150129145,62,True,0.57,7.0
63,PRE,-0.7153249695939484,0.0042525841608248025,-0.7153663920513467,0.012208876388451745,184.75861561590432,24.0,0.9453849161829811,0.39181173963872984,0.2513252168671349,1.0307487210131985,0.0,63,False,0.0,0.0
63,POST,0.06265620171625824,0.47941410226164755,0.060564037731565025,0.44752002574204747,335.473609730115,24.0,162.67920924161086,2.0696445284416936e-63,0.2673580301820313,0.8094395638539281,7.336570672910492,63,True,0.57,7.0
64,PRE,-0.00033470635672582324,0.0001776965165627958,-0.0003347063567258234,3.822406298572409e-05,259.99629833296706,24.0,0.4339392402169509,0.6479522016007726,4.798512785486245e-06,0.00945985096643965,0.0,64,True,99.94,210970.0
64,POST,0.05730563725080957,0.40161005477180045,0.05519610999223631,0.4437510014611987,334.09430701775307,24.0,200.1599023199405,5.544583326584769e-76,0.3062073497124844,1.0636152872868714,5.953472088335604,64,True,4.54,25.0
65,PRE,-0.7026011860412008,0.0042236167803157785,-0.7026387159593536,0.012071633347482695,184.98814385952423,24.0,0.9303299631659745,0.3976499917295656,0.252886168336226,1.0368852401058493,0.0,65,False,0.0,0.0
65,POST,0.061491838000364465,0.5413323831932467,0.059420772430968424,0.4403290498112463,330.8434588355095,24.0,134.45814146393397,1.529610618112648e-53,0.24860634791345187,0.7297973574945918,6.6230978170201755,65,True,3.48,24.0
66,PRE,-0.5810472012798252,0.0029354094273748637,-0.5810605814337501,0.011550696628266875,186.56434381746257,24.0,1.2325191888834344,0.29574015754532423,0.2398137916513305,1.0431566048156182,0.0,66,False,0.0,0.0
66,POST,0.050894645367575965,0.4355656140401305,0.04898801603496606,0.4013642695127469,334.15625818848645,24.0,139.8026877767032,1.95268345897771e-55,0.31367292400759644,0.9531056388086455,9.087599390279834,66,True,2.51,24.0
67,PRE,-0.48580810909069144,0.3379997609866039,-0.461262881906305,0.4192521411912875,332.9511383800582,24.0,9.840878486833931,0.00021752591006313131,0.5286307252512306,1.1630767770032318,0.0,67,False,0.0,0.0
67,POST,0.026762538222549648,0.4111838431658473,0.02393695233872146,0.4752103467868771,280.8822364772943,24.0,201.94931848476088,4.0761360252644253e-75,0.38799692559574456,0.7387132878357413,0.0,67,False,0.0,0.0
68,PRE,0.06309843110045008,0.4616479231339411,0.12115957020410587,0.5475099464247731,304.5420175079521,24.0,13.471570726097179,1.6726740227288264e-05,0.9200655497382516,1.063824136200418,4.297881934431813,68,False,0.0,0.0
68,POST,-0.003476010676868905,0.4125023074385801,-0.006734293782647226,0.5199404387360534,273.5195339731874,24.0,259.80805148221754,1.1453928748515204e-92,0.502617067539803,0.8683868936845416,0.0,68,False,0.0,0.0
69,PRE,-0.09943803262372043,0.3508269352406621,-0.05675159203373836,0.4328319255985214,310.0003453395519,24.0,10.205548496816542,0.00016629706546857464,0.6812225774144568,1.241207639690371,23.360829914440338,69,False,5.08,3.0
69,POST,0.005477912161344075,0.35209437687291095,0.0025516831716081837,0.484235393551998,278.8831055688052,24.0,266.23958736624684,1.540047942142205e-94,0.48504409963783973,0.8843272618933931,0.0,69,False,0.0,0.0
70,PRE,0.033860544301935025,0.5469234076120941,0.08330761751340438,0.5816650819146749,318.6763834636495,24.0,12.545019528742644,3.149013245633924e-05,0.8431178078547369,0.7241039975418049,2.6997396298781617,70,False,3.39,2.0
70,POST,-0.0018653334396024476,0.3887497274062605,-0.004814134354621576,0.48898311494008584,279.1496404585801,24.0,236.86618230451333,7.248507870337823e-86,0.4337930107746927,0.7913706296089826,0.0,70,False,0.56,5.0
71,PRE,3.1883067095200557e-05,0.0007380794266326229,3.188306709520048e-05,0.0007301796213807604,154.04254609193697,24.0,38.64419820805969,1.659851339504904e-17,0.0005861380879096467,0.6711292440674832,0.0,71,True,99.84,213567.0
71,POST,-0.006368039821165784,0.35041386909593436,-0.008866906358848644,0.39964923947632425,273.897864118842,24.0,157.38437423974645,1.2496437807525758e-60,0.3829897789059139,0.6952256771755146,0.0,71,True,26.7,286.0
72,PRE,0.09998899467754514,0.5308186175060222,0.11726978903227457,0.4516025013366391,289.9202006563696,24.0,14.995816371839481,1.454152587189428e-06,0.32286442055689757,1.064239452043329,3.9672851070297632,72,False,0.0,0.0
72,POST,-0.010542496967648904,0.33771612435857495,-0.013237955101137592,0.4505159499203312,273.5349508614957,24.0,259.8443924292315,1.2652800287311466e-94,0.3954416869580989,0.8024260477550845,68.51536683321365,72,False,0.0,0.0
73,PRE,0.5497641325734682,0.9051986161377291,0.5657002977606677,0.39066259420822935,285.5966134859293,24.0,5.821803040270341,0.0038242268287949272,0.16081732290426487,0.7753335801847413,0.7203725116122784,73,False,0.0,0.0
73,POST,-0.019195256129133646,0.583337819909931,-0.019266070695889505,0.09178530103391748,291.0267062785353,24.0,13.331497693907686,1.7028421528420855e-06,0.017350665414191686,0.4488599903789064,0.0,73,False,0.0,0.0
74,PRE,-0.07082583778994757,0.4564013137576081,-0.06296901200276497,0.41148793655687316,315.8857747198537,24.0,14.023783874212894,3.200544022915328e-06,0.3281655629757638,0.8503214666895208,0.0,74,False,0.0,0.0
74,POST,0.008094381461708305,0.17053533590283618,0.007084837557959224,0.19691779365996923,277.56967037729555,24.0,71.58895038995394,5.578324374835685e-30,0.19597509858813866,0.9872771223566742,15.710183625264657,74,True,55.54,622.0
75,PRE,0.0012219471926788903,0.0026580613421894853,0.0012219471926788906,0.0017151075940571598,147.33128185711723,24.0,59.281093438121985,1.8267222106465594e-26,0.0008218236256908296,0.5329248478068637,1.3329081533112546,75,True,99.65,213401.0
75,POST,-0.07138091522274143,0.5556575217616634,-0.07162297712135043,0.23305429360170002,277.84235164508584,24.0,94.14021481861883,1.3536224292808142e-40,0.06531190207135666,0.5808086381175943,0.0,75,False,0.0,0.0
76,PRE,0.001779316963676139,0.0035171638706760003,0.0017793169636761393,0.0023725027859179742,149.12937370465147,24.0,85.74851413558977,5.953838194605189e-38,0.001086866372393566,0.5109586097062851,1.1850142877846337,76,True,99.7,213518.0
76,POST,-0.10394006721363139,0.2868938962621884,-0.10405257770493165,0.11324597264232254,280.25370068898803,24.0,41.887397048627406,1.0314320192569522e-18,0.030809687070358187,0.5529513740577536,0.0,76,True,16.94,621.0
77,PRE,0.0011963049583062074,0.0018092718559864836,0.0011963242139173711,0.0012593030814639123,127.87712785670739,24.0,47.01899093686548,3.840493222213796e-21,0.0008474314490446063,0.865603958792381,1.2605148338894774,77,True,99.72,213875.0
77,POST,-0.22766946535715663,0.3406982635790364,-0.2277528251752098,0.2002645462459963,252.97667421489055,24.0,35.19883133543976,1.4892236053875955e-15,0.17185721982669486,0.5515085615180757,0.0,77,False,0.0,0.0
78,PRE,0.28055902505291963,0.47668189587339616,0.297692473906264,0.37118248014262645,297.4659783506748,24.0,12.955759173909797,6.339637126167129e-06,0.3189019656872633,0.8423432745592111,0.9364702664946705,78,False,0.0,0.0
78,POST,-0.027788703433813036,0.42029395827702415,-0.029251313646354617,0.35096645337750243,276.98039340784993,24.0,134.8515034837072,8.893944136166787e-55,0.23993346088160866,0.6529600317648008,0.0,78,False,0.0,0.0
79,PRE,0.12833113385580913,0.3029098228109524,0.14626334927560145,0.3676134437184151,270.8461522833529,24.0,22.01136116132498,3.96639824876081e-09,0.3770526953750681,1.4229854539619042,3.3806840457766647,79,False,0.0,0.0
79,POST,-0.012710893258099262,0.48441773979063746,-0.013946762235365506,0.285857585402341,270.8409176164442,24.0,72.33059170974651,8.904556538339058e-31,0.19935824057724436,0.6903438157557498,0.0,79,False,0.0,0.0
80,PRE,0.4026896924468822,0.5903040223592704,0.4339562806517639,0.6605759337759581,292.96690178526603,24.0,44.99113211599306,4.289824166057159e-16,0.630493218056819,1.0466866237944987,1.4037645131326435,80,False,0.0,0.0
80,POST,-0.03988545525188173,0.48015046128196015,-0.041423666205040566,0.3910645905968375,283.9258607429392,24.0,148.82720091304736,6.416340585825577e-60,0.20286166033681677,0.42455298699543775,0.0,80,False,0.0,0.0
81,PRE,0.3841845383044837,0.6291954331058134,0.41172489316898436,0.5711424939769789,288.43140118514054,24.0,26.833984101059087,1.02446461884396e-10,0.4860583980382491,0.8500983657193285,1.499355211341382,81,False,0.0,0.0
81,POST,-0.038052563793967854,0.32771223591689236,-0.03934047639975815,0.30693542170776844,275.9826269481053,24.0,131.8368671766113,1.1706837483661204e-53,0.24644712295601007,0.7691158961449762,0.0,81,False,0.0,0.0
82,PRE,-0.0008112331779186751,0.3835882417868594,0.02374221742206626,0.5067168668064287,286.86760137986016,24.0,38.58290490101365,2.7087715874485543e-14,0.5083565576444251,1.0442538485466808,0.0,82,False,0.0,0.0
82,POST,8.035071476523092e-05,0.5186679777926144,-0.0017345385706482885,0.44058399969395245,278.56467604487847,24.0,180.8125279958913,2.1042505831964864e-71,0.23719106238506488,0.45764842348184326,0.0,82,False,0.0,0.0
83,ALL,-1.1350522935464859e-17,0.33785770813428095,0.0008261453275230187,0.3658412444938016,280.06701156536286,24.0,154.44539399395623,1.1584584664888767e-60,0.2845159280977306,0.8173561544368689,0.0,83,True,11.58,145.0
84,ALL,-8.512892201598644e-18,0.18632896995174225,0.0004506406589202286,0.20684206118023096,277.90369656569356,24.0,81.07137517544543,7.873813948452483e-34,0.17242268484235726,1.03928450022675,21.686503334755088,84,True,49.44,475.0
86,ALL,-1.1350522935464859e-17,0.4531311491317713,0.0012791577362121095,0.6088691408948376,275.86509855011695,24.0,432.7695822980699,1.6070051618624865e-143,0.5525712047191399,0.8488140844796757,0.0,86,False,0.16,2.0
87,ALL,3.4051568806394576e-17,0.450845198404818,0.001109590484933101,0.5095157433644446,277.8787669379327,24.0,252.78943194332115,6.565545535796812e-93,0.4296328596697148,0.8573084703416693,0.0,87,False,0.24,2.0
88,ALL,-7.945366054825401e-17,0.4120487126310183,0.0011835347872965769,0.5151597471990225,281.1667481825102,24.0,297.1360093350597,2.7710442156545156e-106,0.42345390000003996,0.9147914024305508,0.0,88,True,2.88,23.0
89,POST,5.161327378402665e-17,0.8966242517996456,-0.0008967528246145686,0.5775663176545863,289.5353862749639,24.0,188.61366117254883,1.714102127977258e-74,0.3035704473286187,0.9186437021078888,0.0,89,True,2.85,47.0
90,PRE,-0.16189375889067928,0.1891170587247359,-0.1618937588906793,0.2832979549844523,188.33601812351895,24.0,74.10494749503552,3.230845895303757e-29,0.5017857107567474,1.497413510557523,0.0,90,False,0.0,0.0
90,POST,0.05406252565496359,0.6349935431013544,0.053535946634069846,0.4152465034230302,285.6408230297087,24.0,129.69480526600736,4.85563456357425e-53,0.22096407136486546,0.8816972922866139,0.0,90,True,7.8,79.0
91,PRE,-0.09135243156595198,0.31539508790118737,-0.09205138953740505,0.3983969880061335,180.16980623129996,24.0,92.1533012180918,3.1623126021708964e-35,0.44231927931690423,1.3186934969523305,0.0,91,False,0.0,0.0
91,POST,0.030469243216004548,0.48156300314317335,0.029874672059845845,0.37273389546380803,290.96627377739,24.0,139.09706399007138,1.5044776298645756e-56,0.23663745784756662,0.8469252657301162,0.0,91,False,0.0,0.0
92,PRE,-0.059219692615675265,0.4006585095641101,-0.05921969261567528,0.36439437775881905,188.86376636536502,24.0,54.639460155784796,2.28600820028323e-22,0.6260919260569793,1.3342128163082814,0.0,92,False,0.0,0.0
92,POST,0.019787693900637147,0.44737854173092706,0.019206446582503253,0.3525018348517277,292.82536681358545,24.0,133.05527228727829,2.689077466157986e-54,0.23993874445297636,0.586761914937168,0.0,92,True,1.39,23.0
93,PRE,0.043557247017717675,0.9633996718470175,0.04355724701771771,0.6409510326486612,188.5213788085019,24.0,74.55888166224081,2.2603908068235077e-29,0.6584511726819041,1.267283598802044,0.0,93,False,0.0,0.0
93,POST,-0.014554237502288252,0.3585669443234734,-0.014960327837963286,0.221673677546837,299.68876600232375,24.0,60.65834363664695,3.8054980175965626e-26,0.14062319555945688,0.8961939580805817,0.0,93,True,35.05,552.0
94,PRE,-0.009139337335144194,0.6727420085211195,-0.010149568093582351,0.596698791920352,173.88530836157966,24.0,98.66180463315507,2.5314907548976e-37,0.5264865635025576,1.2505317531077351,0.0,94,False,0.0,0.0
94,POST,0.0030482898738888194,0.27206874023925093,0.0026822100378301023,0.2588132060440791,285.08922347754225,24.0,115.89379229333572,8.040948947720783e-48,0.21543447035508004,0.7563779193682689,0.0,94,True,24.39,380.0
95,POST,-0.0007734893721772704,0.29659026779875985,-0.0026852218899390758,0.33251870363651004,293.34677225632726,24.0,138.6412819281773,6.12476874873947e-55,0.5006187428704244,1.0619372678882266,0.0,95,False,0.16,2.0
96,POST,-0.002615663738546392,0.3637062055917762,-0.005773479405031185,0.5208701504255501,284.49713423229707,24.0,359.88896629168886,2.2553339355478647e-123,0.45396045072682134,0.8096239141883252,0.0,96,False,0.08,1.0
97,POST,0.0005098062214471292,0.41730351084857165,-0.0030704573800426006,0.586755948270846,282.9865793526513,24.0,424.8086124010869,1.7551220888296134e-140,0.4823113261665885,0.8878812018898603,773.2814152841336,97,True,6.1,74.0
98,POST,0.0030127580010295783,0.45172341558398094,-0.0005136927517461434,0.5839750063606859,285.34555872619563,24.0,366.8705265956118,2.876819294250478e-125,0.4940679488279698,0.8664066750975442,92.41235237760533,98,False,0.0,0.0
99,POST,-0.003086293117221395,0.3531660711125314,-0.005655123522556465,0.4566270847299954,296.05309449075594,24.0,253.48958004104497,1.1280012172662135e-92,0.4743653063092913,1.1087909133191394,0.0,99,False,0.0,0.0
100,POST,0.0005446588870009352,0.414203160372706,-0.0026230235686542196,0.5197139717220145,283.2583663771347,24.0,292.69928381347853,2.078835141715974e-104,0.5792275015119471,1.0751697703623109,0.0,100,False,0.0,0.0
101,POST,4.4788583487471154e-05,0.5828261036455396,4.47885834872902e-05,0.3970581361374868,335.13887054345696,24.0,95.57517754873825,2.7390453932264994e-39,0.24226956101263597,0.6643473824627228,0.0,101,True,1.8,13.0
102,POST,-0.00012238843251742798,0.19878375225822797,-0.00012238843251737973,0.0802715748519262,325.3949155132168,24.0,10.065969358174087,4.6137422635557575e-05,0.026013362205981525,0.3807847873593099,0.0,102,True,67.4,822.0
103,POST,0.0006209735426049904,0.48336554475657906,0.0006209735426049761,0.44997705831499624,327.7254530933378,24.0,161.9119974474761,4.2587228979806564e-63,0.2571810596123252,0.6544578676926921,0.0,103,True,7.6,39.0
104,POST,9.072790828140973e-05,0.5178176954505199,9.072790828134475e-05,0.47945751881509285,319.50900957914894,24.0,174.35673824429617,2.4635799990200952e-67,0.28367201454020324,0.5872309882781819,0.0,104,True,0.82,10.0
105,POST,0.003123960294382704,0.508479607819453,0.0031239602943827355,0.30867551019175105,314.19113706317165,24.0,63.168732768071486,7.844746805012521e-27,0.2441624197047421,0.8683348981831464,0.0,105,True,6.45,33.0
106,POST,7.756943578141558e-06,0.5004742322849699,7.756943578053621e-06,0.3484036616486889,336.77291846386885,24.0,84.3311327249082,4.94090594569372e-35,0.20104094646625484,0.7290361329126764,0.0,106,True,2.45,20.0
